{"_runtime": 14.268490076065063, "learning_rate/spider": 0.0005, "_step": 1, "_timestamp": 1627453141.0098422, "fine_tuning_rate/spider": 3.00075e-05}
