{"_step": 1, "_runtime": 146.13610768318176, "_timestamp": 1627452960.0619268, "learning_rate/spider": 0.0005, "fine_tuning_rate/spider": 3.00075e-05}
