{"_timestamp": 1627406312.6646314, "_step": 1, "_runtime": 119.11864733695984, "learning_rate/spider": 0.0005, "fine_tuning_rate/spider": 3.00075e-05}
