{"_step": 1, "_timestamp": 1627455329.0052032, "_runtime": 14.058991432189941, "learning_rate/spider": 0.0005, "fine_tuning_rate/spider": 3.00075e-05}
