{"_step": 1, "learning_rate/spider": 0.0005, "_timestamp": 1627406350.5262618, "_runtime": 16.634478330612183, "fine_tuning_rate/spider": 3.00075e-05}
