{"learning_rate/spider": 0.0005, "_step": 1, "_runtime": 16.604796409606934, "_timestamp": 1627406707.5424638, "fine_tuning_rate/spider": 3.00075e-05}
